<?xml version="1.0" encoding="UTF-8"?>
<beans xmlns="http://www.springframework.org/schema/beans"
	xmlns:xsi="http://www.w3.org/2001/XMLSchema-instance"
	xmlns:context="http://www.springframework.org/schema/context"
	xsi:schemaLocation="http://www.springframework.org/schema/beans
  http://www.springframework.org/schema/beans/spring-beans.xsd
  http://www.springframework.org/schema/context
  http://www.springframework.org/schema/context/spring-context.xsd">

	<!-- bean definition here -->

	<context:annotation-config/>
	<context:component-scan base-package="com.jspider.SpringCoreMixedConfiguration"/>
	
	<bean class="com.jspider.SpringCoreMixedConfiguration.Bean.DoctorBean" name="doctor">
		<property name="id" value="101"></property>
		<property name="name" value="PANAKJ"></property>
		<property name="specialization" value="gynecology"></property>
		
	</bean>
</beans>